<application>
  <component name="GeneralSettings">
    <option name="confirmExit" value="false" />
    <option name="searchInBackground" value="true" />
    <option name="showTipsOnStartup" value="false" />
  </component>
  <component name="Registry">
    <entry key="ide.firstStartup" value="false" />
    <entry key="SBT.system.in.process" value="true" />
    <entry key="ide.editor.tabs.open.at.the.end" value="true" />
    <entry key="git.explicit.commit.renames.prohibit.multiple.calls" value="false" />
    <entry key="BSP.system.in.process" value="true" />
  </component>
</application>