<application>
  <component name="LanguageInjectionConfiguration">
    <option name="INSTRUMENTATION" value="ASSERT" />
    <option name="LANGUAGE_ANNOTATION" value="org.intellij.lang.annotations.Language" />
    <option name="PATTERN_ANNOTATION" value="org.intellij.lang.annotations.Pattern" />
    <option name="SUBST_ANNOTATION" value="org.intellij.lang.annotations.Subst" />
    <option name="RESOLVE_REFERENCES" value="true" />
    <injection language="AndroidDataBinding" injector-id="xml">
      <display-name>context-param</display-name>
      <place><![CDATA[xmlTag().withLocalName(string().equalTo("context-param")).withNamespace(string().equalTo("http://java.sun.com/xml/ns/j2ee"))]]></place>
    </injection>
  </component>
</application>