<application>
  <component name="ProjectManager">
    <defaultProject>
      <component name="ClojureProjectResolveSettings">
        <currentScheme>IDE</currentScheme>
      </component>
      <component name="Encoding">
        <file url="PROJECT" charset="UTF-8" />
      </component>
      <component name="InspectionProjectProfileManager">
        <option name="PROJECT_PROFILE" />
        <version value="1.0" />
      </component>
      <component name="MavenImportPreferences">
        <option name="generalSettings">
          <MavenGeneralSettings>
            <option name="mavenHome" value="$USER_HOME$/ProgramSoftwares/apache-maven/apache-maven-3.6.2" />
            <option name="printErrorStackTraces" value="true" />
            <option name="userSettingsFile" value="$USER_HOME$/ProgramSoftwares/apache-maven/apache-maven-3.6.2/conf/settings.xml" />
            <option name="workOffline" value="true" />
          </MavenGeneralSettings>
        </option>
        <option name="importingSettings">
          <MavenImportingSettings>
            <option name="importAutomatically" value="true" />
            <option name="jdkForImporter" value="JDK 1.8" />
            <option name="vmOptionsForImporter" value="-Xmx768m" />
          </MavenImportingSettings>
        </option>
      </component>
      <component name="MavenRunner">
        <option name="jreName" value="JDK 1.8" />
      </component>
      <component name="ProjectRootManager" version="2" languageLevel="JDK_1_6" />
      <component name="PropertiesComponent">
        <property name="last_opened_file_path" value="D:/ProgramProjects/IntelJIDEAProject/IntelliJIDEA15.0.2/BigDataProject/KafkaSource" />
        <property name="nodejs_interpreter_path" value="D:/ProgramSoftwares/NodeJS/node" />
        <property name="project.structure.last.edited" value="SDKs" />
        <property name="project.structure.proportion" value="0.0" />
        <property name="project.structure.side.proportion" value="0.2" />
        <property name="settings.editor.selected.configurable" value="MavenSettings" />
      </component>
      <component name="RunManager">
        <configuration default="true" type="#org.jetbrains.idea.devkit.run.PluginConfigurationType" factoryName="Plugin">
          <module name="" />
          <option name="VM_PARAMETERS" value="-Xmx512m -Xms256m -XX:MaxPermSize=250m -ea" />
          <option name="PROGRAM_PARAMETERS" />
          <predefined_log_file id="idea.log" enabled="true" />
          <method />
        </configuration>
        <configuration default="true" type="JUnit" factoryName="JUnit">
          <extension name="coverage" enabled="false" merge="false" sample_coverage="true" runner="idea" />
          <module name="" />
          <option name="ALTERNATIVE_JRE_PATH_ENABLED" value="false" />
          <option name="ALTERNATIVE_JRE_PATH" />
          <option name="PACKAGE_NAME" />
          <option name="MAIN_CLASS_NAME" />
          <option name="METHOD_NAME" />
          <option name="TEST_OBJECT" value="class" />
          <option name="VM_PARAMETERS" value="-ea" />
          <option name="PARAMETERS" />
          <option name="WORKING_DIRECTORY" value="$MODULE_DIR$" />
          <option name="ENV_VARIABLES" />
          <option name="PASS_PARENT_ENVS" value="true" />
          <option name="TEST_SEARCH_SCOPE">
            <value defaultName="singleModule" />
          </option>
          <envs />
          <patterns />
          <method />
        </configuration>
        <configuration default="true" type="TestNG" factoryName="TestNG">
          <extension name="coverage" enabled="false" merge="false" sample_coverage="true" runner="idea" />
          <module name="" />
          <option name="ALTERNATIVE_JRE_PATH_ENABLED" value="false" />
          <option name="ALTERNATIVE_JRE_PATH" />
          <option name="SUITE_NAME" />
          <option name="PACKAGE_NAME" />
          <option name="MAIN_CLASS_NAME" />
          <option name="METHOD_NAME" />
          <option name="GROUP_NAME" />
          <option name="TEST_OBJECT" value="CLASS" />
          <option name="VM_PARAMETERS" value="-ea" />
          <option name="PARAMETERS" />
          <option name="WORKING_DIRECTORY" value="$PROJECT_DIR$" />
          <option name="OUTPUT_DIRECTORY" />
          <option name="ANNOTATION_TYPE" />
          <option name="ENV_VARIABLES" />
          <option name="PASS_PARENT_ENVS" value="true" />
          <option name="TEST_SEARCH_SCOPE">
            <value defaultName="singleModule" />
          </option>
          <option name="USE_DEFAULT_REPORTERS" value="false" />
          <option name="PROPERTIES_FILE" />
          <envs />
          <properties />
          <listeners />
          <method />
        </configuration>
        <configuration default="true" type="Applet" factoryName="Applet">
          <option name="WIDTH" value="400" />
          <option name="HEIGHT" value="300" />
          <option name="POLICY_FILE" value="$APPLICATION_HOME_DIR$/bin/appletviewer.policy" />
          <module />
          <method />
        </configuration>
        <configuration default="true" type="Application" factoryName="Application">
          <extension name="coverage" enabled="false" merge="false" sample_coverage="true" runner="idea" />
          <option name="MAIN_CLASS_NAME" />
          <option name="VM_PARAMETERS" />
          <option name="PROGRAM_PARAMETERS" />
          <option name="WORKING_DIRECTORY" value="$PROJECT_DIR$" />
          <option name="ALTERNATIVE_JRE_PATH_ENABLED" value="false" />
          <option name="ALTERNATIVE_JRE_PATH" />
          <option name="ENABLE_SWING_INSPECTOR" value="false" />
          <option name="ENV_VARIABLES" />
          <option name="PASS_PARENT_ENVS" value="true" />
          <module name="" />
          <envs />
          <method />
        </configuration>
        <configuration default="true" type="Remote" factoryName="Remote">
          <option name="USE_SOCKET_TRANSPORT" value="true" />
          <option name="SERVER_MODE" value="false" />
          <option name="SHMEM_ADDRESS" value="javadebug" />
          <option name="HOST" value="localhost" />
          <option name="PORT" value="5005" />
          <method />
        </configuration>
      </component>
      <component name="ScalaSbtSettings">
        <option name="customVMPath" />
      </component>
      <component name="ThriftCompiler">
        <compilers />
      </component>
      <component name="masterDetails">
        <states>
          <state key="GlobalLibrariesConfigurable.UI">
            <settings>
              <last-edited>Python 2.7.3 (D:\ProgramSoftwares\Python\python2.7.3\python.exe) interpreter library</last-edited>
              <splitter-proportions>
                <option name="proportions">
                  <list>
                    <option value="0.2" />
                  </list>
                </option>
              </splitter-proportions>
            </settings>
          </state>
          <state key="JdkListConfigurable.UI">
            <settings>
              <last-edited>1.8</last-edited>
              <splitter-proportions>
                <option name="proportions">
                  <list>
                    <option value="0.2" />
                  </list>
                </option>
              </splitter-proportions>
            </settings>
          </state>
          <state key="ProjectJDKs.UI">
            <settings>
              <last-edited>JDK 1.8</last-edited>
              <splitter-proportions>
                <option name="proportions">
                  <list>
                    <option value="0.2" />
                  </list>
                </option>
              </splitter-proportions>
            </settings>
          </state>
          <state key="ProjectLibrariesConfigurable.UI">
            <settings>
              <splitter-proportions>
                <option name="proportions">
                  <list>
                    <option value="0.2" />
                  </list>
                </option>
              </splitter-proportions>
            </settings>
          </state>
        </states>
      </component>
    </defaultProject>
  </component>
</application>